comparison,spearman_rho,p_value,n
cp_freq_vs_pod_latency,0.09999999999999999,0.8728885715695384,5
dp_freq_vs_dp_latency,-0.19999999999999998,0.8,4
dp_freq_vs_throughput,0.19999999999999998,0.8,4
cp_freq_cv_vs_pod_latency,-0.7,0.1881204043741873,5
